Occupation Code / 职业代码,Occupation Name / 职业名称,Avg Substitutivity (0-1) / 平均替代性 (0-1),Avg Augmentation (0-1) / 平均增强性 (0-1),Avg Complementarity (0-1) / 平均互补性 (0-1),Avg Substitutivity (1-5) / 平均替代性 (1-5),Avg Augmentation (1-5) / 平均增强性 (1-5),Avg Complementarity (1-5) / 平均互补性 (1-5),Exposure Index Rho / 暴露指数 Rho
,铁路车站调车作业员,,,,,,,0.327
,通信工程技术人员,,,,,,,0.4305
,电子产品制版工,,,,,,,0.336
,中国共产党机关负责人,,,,,,,0.284
,中国共产党基层组织负责人,,,,,,,0.356
,国家权力机关负责人,,,,,,,0.4385
,国家行政机关负责人,,,,,,,0.2585
,人民政协机关负责人,,,,,,,0.3245
,监察机关负责人,,,,,,,0.409
,人民法院负责人,,,,,,,0.2445
,人民检察院负责人,,,,,,,0.2885
,民主党派负责人,,,,,,,0.3554
,工商联负责人,,,,,,,0.395
,工会负责人,,,,,,,0.4655
,共青团负责人,,,,,,,0.3815
,妇联负责人,,,,,,,0.3755
,其他人民团体和群众团体负责人,,,,,,,0.317
,社会团体负责人,,,,,,,0.3551
,民办非企业单位负责人,,,,,,,0.409
,社会中介组织负责人,,,,,,,0.3125
,基金会负责人,,,,,,,0.408
,宗教组织负责人,,,,,,,0.385
,居民委员会负责人,,,,,,,0.408
,村民委员会负责人,,,,,,,0.3925
,企业董事,,,,,,,0.2965
,企业经理,,,,,,,0.386
,国有企业中国共产党组织负责人,,,,,,,0.3221
,事业单位负责人,,,,,,,0.2755
,哲学研究人员,,,,,,,0.365
,经济学研究人员,,,,,,,0.4725
,法学研究人员,,,,,,,0.374
,教育学研究人员,,,,,,,0.413
,心理学研究人员,,,,,,,0.446
,体育学研究人员,,,,,,,0.5205
,历史学研究人员,,,,,,,0.335
,数学研究人员,,,,,,,0.4195
,物理科学研究人员,,,,,,,0.413
,化学研究人员,,,,,,,0.3815
,天文学研究人员,,,,,,,0.441
,生物学研究人员,,,,,,,0.3795
,地球科学研究人员,,,,,,,0.4225
,农业科学研究人员,,,,,,,0.379
,医学研究人员,,,,,,,0.3745
,管理学研究人员,,,,,,,0.4015
,文学、艺术学研究人员,,,,,,,0.4615
,军事学研究人员,,,,,,,0.484
,地质实验测试工程技术人员,,,,,,,0.38
,地球物理地球化学与遥感勘查工程技术人员,,,,,,,0.476
,水工环地质工程技术人员,,,,,,,0.4245
,地质矿产调查工程技术人员,,,,,,,0.4685
,钻探工程技术人员,,,,,,,0.3515
,大地测量工程技术人员,,,,,,,0.4005
,工程测量工程技术人员,,,,,,,0.3825
,摄影测量与遥感工程技术人员,,,,,,,0.326
,地图制图工程技术人员,,,,,,,0.379
,海洋测绘工程技术人员,,,,,,,0.353
,地理国情监测工程技术人员,,,,,,,0.579
,地理信息系统工程技术人员,,,,,,,0.4935
,导航与位置服务工程技术人员,,,,,,,0.458
,地质测绘工程技术人员,,,,,,,0.3845
,矿井建设工程技术人员,,,,,,,0.3525
,采矿工程技术人员,,,,,,,0.3785
,矿山通风工程技术人员,,,,,,,0.316
,选矿与矿物加工工程技术人员,,,,,,,0.473
,矿山环保复垦工程技术人员,,,,,,,0.438
,石油天然气开采工程技术人员,,,,,,,0.388
,石油天然气储运工程技术人员,,,,,,,0.3805
,冶炼工程技术人员,,,,,,,0.3725
,轧制工程技术人员,,,,,,,0.406
,焦化工程技术人员,,,,,,,0.353
,金属材料工程技术人员,,,,,,,0.339
,耐火材料工程技术人员,,,,,,,0.2955
,炭素材料工程技术人员,,,,,,,0.3435
,冶金热能工程技术人员,,,,,,,0.277
,铸管工程技术人员,,,,,,,0.4345
,稀土工程技术人员,,,,,,,0.4545
,化工实验工程技术人员,,,,,,,0.405
,化工设计工程技术人员,,,,,,,0.319
,化工生产工程技术人员,,,,,,,0.237
,机械设计工程技术人员,,,,,,,0.3845
,机械制造工程技术人员,,,,,,,0.326
,仪器仪表工程技术人员,,,,,,,0.3855
,设备工程技术人员,,,,,,,0.3425
,医学设备管理工程技术人员,,,,,,,0.4955
,模具设计工程技术人员,,,,,,,0.3675
,自动控制工程技术人员,,,,,,,0.3865
,材料成形与改性工程技术人员,,,,,,,0.418
,焊接工程技术人员,,,,,,,0.4165
,特种设备管理和应用工程技术人员,,,,,,,0.3735
,汽车工程技术人员,,,,,,,0.5255
,船舶工程技术人员,,,,,,,0.3475
,铸造工程技术人员,,,,,,,0.3955
,飞行器设计工程技术人员,,,,,,,0.4445
,飞行器制造工程技术人员,,,,,,,0.3815
,航空动力装置设计工程技术人员,,,,,,,0.261
,航空动力装置制造工程技术人员,,,,,,,0.2925
,航空产品试验与飞行试验工程技术人员,,,,,,,0.3445
,航空产品适航工程技术人员,,,,,,,0.4465
,航空产品支援工程技术人员,,,,,,,0.48
,机载设备设计制造工程技术人员,,,,,,,0.403
,电子材料工程技术人员,,,,,,,0.303
,电子元器件工程技术人员,,,,,,,0.409
,雷达导航工程技术人员,,,,,,,0.3585
,电子仪器与电子测量工程技术人员,,,,,,,0.295
,广播视听设备工程技术人员,,,,,,,0.237
,计算机硬件工程技术人员,,,,,,,0.475
,计算机软件工程技术人员,,,,,,,0.44
,计算机网络工程技术人员,,,,,,,0.4615
,信息系统分析工程技术人员,,,,,,,0.434
,嵌入式系统设计工程技术人员,,,,,,,0.2985
,信息安全工程技术人员,,,,,,,0.4175
,信息系统运行维护工程技术人员,,,,,,,0.443
,电工电器工程技术人员,,,,,,,0.3955
,电缆光缆工程技术人员,,,,,,,0.369
,光源与照明工程技术人员,,,,,,,0.265
,发电工程技术人员,,,,,,,0.4515
,供用电工程技术人员,,,,,,,0.301
,变电工程技术人员,,,,,,,0.3825
,输电工程技术人员,,,,,,,0.32
,电力工程安装工程技术人员,,,,,,,0.3915
,邮政工程技术人员,,,,,,,0.365
,快递工程技术人员,,,,,,,0.402
,广播电视制播工程技术人员,,,,,,,0.3205
,广播电视传输覆盖工程技术人员,,,,,,,0.3975
,电影工程技术人员,,,,,,,0.3215
,演艺设备工程技术人员,,,,,,,0.3815
,汽车运用工程技术人员,,,,,,,0.4605
,船舶运用工程技术人员,,,,,,,0.4485
,水上交通工程技术人员,,,,,,,0.494
,水上救助打捞工程技术人员,,,,,,,0.3685
,船舶检验工程技术人员,,,,,,,0.3705
,无线电航标操作与维护工程技术人员,,,,,,,0.4345
,视觉航标工程技术人员,,,,,,,0.4865
,道路交通工程技术人员,,,,,,,0.302
,公路养护工程技术人员,,,,,,,0.3515
,民用航空器维修与适航工程技术人员,,,,,,,0.3525
,民航空中交通管理工程技术人员,,,,,,,0.4405
,民航通用航空工程技术人员,,,,,,,0.349
,民航飞行签派工程技术人员,,,,,,,0.4165
,铁道运输工程技术人员,,,,,,,0.394
,铁道机务工程技术人员,,,,,,,0.4825
,铁道车辆工程技术人员,,,,,,,0.2795
,铁道电务工程技术人员,,,,,,,0.369
,铁道供电工程技术人员,,,,,,,0.4105
,铁道工务工程技术人员,,,,,,,0.4915
,建筑和市政设计工程技术人员,,,,,,,0.365
,土木建筑工程技术人员,,,,,,,0.344
,风景园林工程技术人员,,,,,,,0.3445
,供水排水工程技术人员,,,,,,,0.3425
,工程勘察与岩土工程技术人员,,,,,,,0.4145
,城镇燃气与供热工程技术人员,,,,,,,0.3625
,环境卫生工程技术人员,,,,,,,0.4035
,道路与桥隧工程技术人员,,,,,,,0.348
,港口与航道工程技术人员,,,,,,,0.3755
,民航机场工程技术人员,,,,,,,0.3125
,铁路建筑工程技术人员,,,,,,,0.3965
,水利水电建筑工程技术人员,,,,,,,0.373
,爆破工程技术人员,,,,,,,0.3865
,硅酸盐工程技术人员,,,,,,,0.4385
,非金属矿及制品工程技术人员,,,,,,,0.4395
,无机非金属材料工程技术人员,,,,,,,0.425
,混凝土工程技术人员,,,,,,,0.388
,防沙治沙工程技术人员,,,,,,,0.379
,森林培育工程技术人员,,,,,,,0.334
,园林绿化工程技术人员,,,,,,,0.4155
,野生动植物保护利用工程技术人员,,,,,,,0.5045
,自然保护区工程技术人员,,,,,,,0.31
,森林保护工程技术人员,,,,,,,0.441
,木竹藤棕草加工工程技术人员,,,,,,,0.3915
,森林采伐和运输工程技术人员,,,,,,,0.459
,经济林产品加工工程技术人员,,,,,,,0.4315
,林业资源调查与监测工程技术人员,,,,,,,0.461
,园林植物保护工程技术人员,,,,,,,0.338
,湿地保护修复工程技术人员,,,,,,,0.3865
,水文水资源工程技术人员,,,,,,,0.4375
,水生态和河湖治理管护工程技术人员,,,,,,,0.4615
,水利工程管理工程技术人员,,,,,,,0.4065
,防汛抗旱减灾工程技术人员,,,,,,,0.3855
,节水工程技术人员,,,,,,,0.43
,海洋调查与监测工程技术人员,,,,,,,0.455
,海洋环境预报工程技术人员,,,,,,,0.3905
,海洋资源开发利用和保护工程技术人员,,,,,,,0.3755
,海洋工程勘察设计工程技术人员,,,,,,,0.405
,海水淡化工程技术人员,,,,,,,0.363
,深潜工程技术人员,,,,,,,0.306
,纺织工程技术人员,,,,,,,0.365
,染整工程技术人员,,,,,,,0.401
,化学纤维工程技术人员,,,,,,,0.2485
,非织造工程技术人员,,,,,,,0.403
,服装工程技术人员,,,,,,,0.3775
,食品工程技术人员,,,,,,,0.3865
,气象观测工程技术人员,,,,,,,0.5055
,天气预报工程技术人员,,,,,,,0.3615
,气候监测预测工程技术人员,,,,,,,0.4915
,气象服务工程技术人员,,,,,,,0.438
,人工影响天气工程技术人员,,,,,,,0.318
,防雷工程技术人员,,,,,,,0.3705
,地震监测预测工程技术人员,,,,,,,0.338
,地震应急救援工程技术人员,,,,,,,0.394
,地震安全性评价工程技术人员,,,,,,,0.338
,环境监测工程技术人员,,,,,,,0.342
,环境污染防治工程技术人员,,,,,,,0.4375
,环境影响评价工程技术人员,,,,,,,0.376
,核与辐射安全工程技术人员,,,,,,,0.324
,核与辐射监测工程技术人员,,,,,,,0.3515
,健康安全环境工程技术人员,,,,,,,0.3795
,安全技术防范工程技术人员,,,,,,,0.3255
,消防工程技术人员,,,,,,,0.4265
,安全生产管理工程技术人员,,,,,,,0.3305
,安全评价工程技术人员,,,,,,,0.4165
,房屋安全鉴定工程技术人员,,,,,,,0.5105
,防伪工程技术人员,,,,,,,0.4185
,标准化工程技术人员,,,,,,,0.5745
,计量工程技术人员,,,,,,,0.45
,质量管理工程技术人员,,,,,,,0.431
,质量认证认可工程技术人员,,,,,,,0.5115
,可靠性工程技术人员,,,,,,,0.2905
,工业工程技术人员,,,,,,,0.5485
,物流工程技术人员,,,,,,,0.4565
,战略规划与管理工程技术人员,,,,,,,0.39
,项目管理工程技术人员,,,,,,,0.3915
,再生资源工程技术人员,,,,,,,0.3965
,能源管理工程技术人员,,,,,,,0.393
,监理工程技术人员,,,,,,,0.313
,信息管理工程技术人员,,,,,,,0.448
,数据分析处理工程技术人员,,,,,,,0.426
,工程造价工程技术人员,,,,,,,0.427
,供应链工程技术人员,,,,,,,0.5245
,产品质量检验工程技术人员,,,,,,,0.3925
,进出口商品检验鉴定工程技术人员,,,,,,,0.5235
,进出境动物和植物检验检疫人员,,,,,,,0.3785
,特种设备检验检测工程技术人员,,,,,,,0.363
,纤维质量检验工程技术人员,,,,,,,0.434
,卫生检疫人员,,,,,,,0.35
,制药工程技术人员,,,,,,,0.3915
,印刷复制工程技术人员,,,,,,,0.4015
,产品设计工程技术人员,,,,,,,0.4515
,工业设计工程技术人员,,,,,,,0.4595
,矫形器师,,,,,,,0.308
,假肢师,,,,,,,0.4535
,听力师,,,,,,,0.407
,制浆造纸工程技术人员,,,,,,,0.3625
,皮革化学工程技术人员,,,,,,,0.315
,生物发酵工程技术人员,,,,,,,0.3585
,日用化工工程技术人员,,,,,,,0.4465
,塑料加工工程技术人员,,,,,,,0.3565
,土地整治与生态修复工程技术人员,,,,,,,0.408
,城乡规划工程技术人员,,,,,,,0.3655
,人工智能工程技术人员,,,,,,,0.358
,物联网工程技术人员,,,,,,,0.5585
,大数据工程技术人员,,,,,,,0.4395
,云计算工程技术人员,,,,,,,0.5075
,智能制造工程技术人员,,,,,,,0.396
,工业互联网工程技术人员,,,,,,,0.4245
,虚拟现实工程技术人员,,,,,,,0.4215
,区块链工程技术人员,,,,,,,0.3125
,集成电路工程技术人员,,,,,,,0.295
,机器人工程技术人员,,,,,,,0.3
,增材制造工程技术人员,,,,,,,0.4025
,数据安全工程技术人员,,,,,,,0.3705
,密码工程技术人员,,,,,,,0.316
,土壤肥料技术人员,,,,,,,0.4805
,农业技术指导人员,,,,,,,0.386
,植物保护技术人员,,,,,,,0.383
,园艺技术人员,,,,,,,0.493
,作物遗传育种栽培技术人员,,,,,,,0.3515
,兽医,,,,,,,0.404
,兽药技术人员,,,,,,,0.437
,宠物医师,,,,,,,0.484
,畜牧技术人员,,,,,,,0.441
,草业技术人员,,,,,,,0.2635
,水产养殖技术人员,,,,,,,0.295
,渔业资源开发利用技术人员,,,,,,,0.3325
,农业工程技术人员,,,,,,,0.3245
,飞行驾驶员,,,,,,,0.463
,飞行机械员,,,,,,,0.4965
,飞行领航员,,,,,,,0.251
,飞行通信员,,,,,,,0.433
,甲板部技术人员,,,,,,,0.4045
,轮机部技术人员,,,,,,,0.4095
,船舶引航员,,,,,,,0.3565
,内科医师,,,,,,,0.351
,外科医师,,,,,,,0.401
,儿科医师,,,,,,,0.309
,妇产科医师,,,,,,,0.3975
,眼科医师,,,,,,,0.381
,耳鼻咽喉科医师,,,,,,,0.391
,口腔科医师,,,,,,,0.4365
,皮肤科医师,,,,,,,0.451
,精神科医师,,,,,,,0.35
,传染病科医师,,,,,,,0.3605
,急诊科医师,,,,,,,0.303
,康复科医师,,,,,,,0.451
,麻醉科医师,,,,,,,0.335
,病理科医师,,,,,,,0.31
,放射科医师,,,,,,,0.402
,核医学科医师,,,,,,,0.2935
,超声科医师,,,,,,,0.439
,肿瘤科医师,,,,,,,0.306
,全科医师,,,,,,,0.414
,医学遗传科医师,,,,,,,0.3785
,妇幼保健医师,,,,,,,0.4
,疼痛科医师,,,,,,,0.3555
,重症医学科医师,,,,,,,0.3615
,临床检验科医师,,,,,,,0.5015
,职业病科医师,,,,,,,0.3665
,中医内科医师,,,,,,,0.388
,中医外科医师,,,,,,,0.433
,中医妇科医师,,,,,,,0.436
,中医儿科医师,,,,,,,0.455
,中医眼科医师,,,,,,,0.363
,中医皮肤科医师,,,,,,,0.409
,中医骨伤科医师,,,,,,,0.3105
,中医肛肠科医师,,,,,,,0.328
,中医耳鼻咽喉科医师,,,,,,,0.373
,针灸医师,,,,,,,0.4415
,中医推拿医师,,,,,,,0.4185
,中医营养医师,,,,,,,0.4755
,中医整脊科医师,,,,,,,0.364
,中医康复医师,,,,,,,0.407
,中医全科医师,,,,,,,0.397
,中医亚健康医师,,,,,,,0.383
,中西医结合内科医师,,,,,,,0.387
,中西医结合外科医师,,,,,,,0.4175
,中西医结合妇科医师,,,,,,,0.323
,中西医结合儿科医师,,,,,,,0.3015
,中西医结合骨伤科医师,,,,,,,0.35
,中西医结合肛肠科医师,,,,,,,0.449
,中西医结合皮肤与性病科医师,,,,,,,0.365
,民族医医师,,,,,,,0.33
,疾病控制医师,,,,,,,0.4915
,健康教育医师,,,,,,,0.4525
,公共卫生医师,,,,,,,0.5135
,药师,,,,,,,0.438
,中药师,,,,,,,0.397
,民族药师,,,,,,,0.4465
,影像技师,,,,,,,0.393
,口腔医学技师,,,,,,,0.3725
,病理技师,,,,,,,0.453
,临床检验技师,,,,,,,0.4325
,公卫检验技师,,,,,,,0.306
,卫生工程技师,,,,,,,0.39
,输血技师,,,,,,,0.331
,临床营养技师,,,,,,,0.4435
,消毒技师,,,,,,,0.375
,肿瘤放射治疗技师,,,,,,,0.3615
,心电学技师,,,,,,,0.3225
,神经电生理脑电图技师,,,,,,,0.329
,心理治疗技师,,,,,,,0.304
,病案信息技师,,,,,,,0.4185
,中医技师,,,,,,,0.502
,内科护士,,,,,,,0.273
,儿科护士,,,,,,,0.285
,急诊护士,,,,,,,0.4065
,外科护士,,,,,,,0.3775
,社区护士,,,,,,,0.3515
,助产士,,,,,,,0.268
,口腔科护士,,,,,,,0.3955
,妇产科护士,,,,,,,0.3785
,中医护士,,,,,,,0.3735
,乡村医生,,,,,,,0.3595
,盲人医疗按摩人员,,,,,,,0.3
,经济规划专业人员,,,,,,,0.4285
,合作经济专业人员,,,,,,,0.455
,价格专业人员,,,,,,,0.558
,易货经济专业人员,,,,,,,0.4055
,统计专业人员,,,,,,,0.412
,会计专业人员,,,,,,,0.5975
,审计专业人员,,,,,,,0.484
,税务专业人员,,,,,,,0.368
,资产评估专业人员,,,,,,,0.453
,房地产估价专业人员,,,,,,,0.383
,森林资源评估专业人员L,,,,,,,0.548
,矿业权评估专业人员,,,,,,,0.5675
,海域海岛评估专业人员,,,,,,,0.4125
,国际商务专业人员,,,,,,,0.425
,市场营销专业人员,,,,,,,0.559
,商务策划专业人员,,,,,,,0.5145
,品牌专业人员,,,,,,,0.512
,会展策划专业人员,,,,,,,0.4865
,房地产开发专业人员,,,,,,,0.435
,医药代表,,,,,,,0.47
,管理咨询专业人员,,,,,,,0.3555
,拍卖师,,,,,,,0.4255
,物业经营管理专业人员,,,,,,,0.424
,经纪与代理专业人员,,,,,,,0.4325
,报关人员,,,,,,,0.513
,数字化管理师S,,,,,,,0.402
,企业合规师,,,,,,,0.3365
,招标采购专业人员,,,,,,,0.5495
,技术经理人,,,,,,,0.4205
,不动产确权登记专业人员,,,,,,,0.4115
,人力资源管理专业人员,,,,,,,0.398
,人力资源服务专业人员,,,,,,,0.461
,职业信息分析专业人员,,,,,,,0.611
,职业技术实训指导专业人员,,,,,,,0.385
,银行国库业务专业人员,,,,,,,0.563
,银行金融市场业务专业人员,,,,,,,0.5865
,银行清算专业人员,,,,,,,0.6505
,信贷审核专业人员,,,,,,,0.6165
,银行国际业务专业人员,,,,,,,0.5125
,公司金融顾问,,,,,,,0.6375
,精算专业人员,,,,,,,0.4525
,保险核保专业人员,,,,,,,0.469
,保险理赔专业人员,,,,,,,0.514
,保险资金运用专业人员,,,,,,,0.4215
,证券保荐承销专业人员,,,,,,,0.3515
,证券交易专业人员,,,,,,,0.261
,证券投资专业人员,,,,,,,0.639
,金融产品销售专业人员,,,,,,,0.467
,黄金投资专业人员,,,,,,,0.54
,期货专业人员,,,,,,,0.6305
,基金专业人员,,,,,,,0.4425
,专利代理专业人员,,,,,,,0.497
,专利审查专业人员,,,,,,,0.468
,专利管理专业人员,,,,,,,0.4545
,知识产权信息分析专业人员,,,,,,,0.5095
,版权专业人员,,,,,,,0.46
,商标代理专业人员,,,,,,,0.56
,商标审查审理专业人员,,,,,,,0.4425
,商标管理专业人员,,,,,,,0.4915
,医保经办专业人员,,,,,,,0.5155
,金融科技师S,,,,,,,0.5195
,监察人员,,,,,,,0.3845
,法官,,,,,,,0.336
,检察官,,,,,,,0.44
,律师,,,,,,,0.4035
,公证员,,,,,,,0.393
,法医,,,,,,,0.326
,物证鉴定人员,,,,,,,0.255
,审判辅助人员,,,,,,,0.375
,法律顾问,,,,,,,0.535
,宗教教职人员,,,,,,,0.4425
,社会工作者,,,,,,,0.4095
,社会组织专业人员,,,,,,,0.36
,心理咨询师,,,,,,,0.432
,普通高等学校教师,,,,,,,0.388
,高等职业学校教师,,,,,,,0.365
,高级中学教师,,,,,,,0.3825
,中等职业学校教师,,,,,,,0.4135
,初级中学教师,,,,,,,0.449
,小学教师,,,,,,,0.3515
,幼儿园教师,,,,,,,0.257
,特殊教育教师,,,,,,,0.3225
,文学作家,,,,,,,0.434
,曲艺作家,,,,,,,0.377
,剧作家,,,,,,,0.4455
,作曲家,,,,,,,0.3835
,词作家,,,,,,,0.5685
,导演,,,,,,,0.3385
,舞蹈编导,,,,,,,0.4255
,舞美设计,,,,,,,0.395
,音乐指挥,,,,,,,0.319
,电影电视演员,,,,,,,0.283
,戏剧戏曲演员,,,,,,,0.325
,舞蹈演员,,,,,,,0.262
,曲艺演员,,,,,,,0.315
,杂技魔术演员,,,,,,,0.389
,歌唱演员,,,,,,,0.3126
,皮影戏木偶戏演员,,,,,,,0.3195
,民族乐器演奏员,,,,,,,0.323
,外国乐器演奏员,,,,,,,0.3535
,电影电视制片人,,,,,,,0.4245
,电影电视场记,,,,,,,0.4425
,电影电视摄影师,,,,,,,0.4105
,电影电视片发行人,,,,,,,0.454
,电视导播,,,,,,,0.4325
,剪辑师,,,,,,,0.453
,灯光师,,,,,,,0.3575
,音像师,,,,,,,0.371
,美工师,,,,,,,0.41
,化妆师,,,,,,,0.402
,装置师,,,,,,,0.38
,服装道具师,,,,,,,0.3925
,演出监督,,,,,,,0.3995
,演出制作人,,,,,,,0.3915
,画家,,,,,,,0.4375
,篆刻家,,,,,,,0.4475
,雕塑家,,,,,,,0.4195
,书法家,,,,,,,0.392
,摄影家,,,,,,,0.339
,视觉传达设计人员,,,,,,,0.4665
,服装设计人员,,,,,,,0.5
,动画设计人员,,,,,,,0.4825
,环境设计人员,,,,,,,0.4225
,染织艺术设计人员,,,,,,,0.5215
,工艺美术专业人员,,,,,,,0.309
,数字媒体艺术专业人员S,,,,,,,0.418
,公共艺术专业人员,,,,,,,0.386
,陈列展览设计人员,,,,,,,0.445
,教练员,,,,,,,0.404
,裁判员,,,,,,,0.317
,运动员,,,,,,,0.3515
,运动防护师,,,,,,,0.5345
,体育经理人,,,,,,,0.388
,文字记者,,,,,,,0.422
,摄影记者,,,,,,,0.402
,文字编辑,,,,,,,0.4945
,美术编辑,,,,,,,0.5215
,技术编辑,,,,,,,0.356
,数字出版编辑S,,,,,,,0.5125
,网络编辑S,,,,,,,0.508
,电子音乐编辑,,,,,,,0.5675
,校对员,,,,,,,0.566
,播音员,,,,,,,0.3905
,节目主持人,,,,,,,0.4615
,翻译,,,,,,,0.494
,手语翻译,,,,,,,0.4185
,文献信息专业人员,,,,,,,0.573
,微缩摄影专业人员,,,,,,,0.5495
,档案专业人员,,,,,,,0.445
,考古专业人员,,,,,,,0.3065
,文物藏品专业人员,,,,,,,0.4145
,可移动文物保护专业人员,,,,,,,0.3915
,不可移动文物保护专业人员,,,,,,,0.3755
,文物展陈专业人员,,,,,,,0.3905
,行政办事员,,,,,,,0.513
,政务服务办事员,,,,,,,0.4135
,统计调查员,,,,,,,0.453
,社团会员管理员,,,,,,,0.538
,劝募员,,,,,,,0.5045
,机要员,,,,,,,0.167
,秘书,,,,,,,0.453
,公关员,,,,,,,0.5555
,收发员,,,,,,,0.4405
,打字员,,,,,,,0.7156
,速录师,,,,,,,0.4025
,制图员,,,,,,,0.555
,后勤管理员,,,,,,,0.351
,行政执法员,,,,,,,0.4105
,劳动人事争议仲裁员,,,,,,,0.5645
,农村土地承包仲裁员,,,,,,,0.4255
,村和社区工作者,,,,,,,0.4275
,城市管理网格员,,,,,,,0.465
,劳动保障协理员,,,,,,,0.428
,退役军人事务员,,,,,,,0.5615
,基层法律服务工作者,,,,,,,0.3335
,医疗保障专员,,,,,,,0.6525
,人民警察,,,,,,,0.3375
,保卫管理员,,,,,,,0.419
,辅警,,,,,,,0.433
,消防员,,,,,,,0.3625
,消防指挥员,,,,,,,0.4945
,消防装备管理员,,,,,,,0.4225
,消防安全管理员,,,,,,,0.436
,消防监督检查员,,,,,,,0.3515
,森林消防员L,,,,,,,0.4175
,森林火情瞭望观察员L,,,,,,,0.45
,应急救援员,,,,,,,0.4125
,仲裁员,,,,,,,0.573
,仲裁秘书,,,,,,,0.5245
,调解员,,,,,,,0.443
,采购员,,,,,,,0.5455
,营销员,,,,,,,0.545
,商品营业员,,,,,,,0.527
,收银员,,,,,,,0.6106
,摊商,,,,,,,0.393
,连锁经营管理师,,,,,,,0.4755
,农产品经纪人,,,,,,,0.475
,粮油竞价交易员,,,,,,,0.338
,易货师,,,,,,,0.4735
,二手车经纪人,,,,,,,0.5235
,再生物资回收挑选工L,,,,,,,0.475
,农产品购销员,,,,,,,0.4585
,医药商品购销员,,,,,,,0.539
,出版物发行员,,,,,,,0.362
,烟草制品购销员,,,,,,,0.42
,电子商务师S,,,,,,,0.564
,互联网营销师S,,,,,,,0.5975
,轨道交通列车司机L,,,,,,,0.2925
,铁路列车乘务员,,,,,,,0.3515
,铁路车站客运服务员,,,,,,,0.397
,铁路行包运输服务员,,,,,,,0.33
,铁路车站货运服务员,,,,,,,0.4765
,轨道交通调度员,,,,,,,0.302
,城市轨道交通服务员,,,,,,,0.5295
,客运车辆驾驶员L,,,,,,,0.4415
,道路货运汽车驾驶员L,,,,,,,0.378
,道路客运服务员,,,,,,,0.504
,道路货运业务员,,,,,,,0.551
,道路运输调度员,,,,,,,0.6655
,路况信息监控员,,,,,,,0.628
,机动车驾驶教练员,,,,,,,0.4365
,油气电站操作员,,,,,,,0.524
,汽车救援员,,,,,,,0.402
,客运船舶驾驶员,,,,,,,0.359
,船舶业务员,,,,,,,0.5645
,港口客运员,,,,,,,0.4405
,水上救生员,,,,,,,0.536
,航标工,,,,,,,0.381
,民航乘务员,,,,,,,0.3555
,航空运输地面服务员,,,,,,,0.5815
,机场运行指挥员,,,,,,,0.413
,航空安全员,,,,,,,0.424
,机场场务员,,,,,,,0.452
,无人机驾驶员,,,,,,,0.5595
,装卸搬运工,,,,,,,0.417
,客运售票员,,,,,,,0.631
,货运代理服务员,,,,,,,0.564
,危险货物运输作业员,,,,,,,0.501
,仓储管理员,,,,,,,0.483
,理货员,,,,,,,0.489
,物流服务师L,,,,,,,0.5285
,冷藏工,,,,,,,0.4955
,供应链管理师S,,,,,,,0.54
,邮政营业员,,,,,,,0.5435
,邮件分拣员,,,,,,,0.4105
,邮件转运员,,,,,,,0.4065
,邮政投递员,,,,,,,0.4515
,报刊业务员,,,,,,,0.5645
,集邮业务员,,,,,,,0.469
,邮政市场业务员,,,,,,,0.5265
,快递员,,,,,,,0.379
,快件处理员,,,,,,,0.5265
,国际快递业务师,,,,,,,0.4595
,快递站点管理师,,,,,,,0.313
,前厅服务员,,,,,,,0.513
,客房服务员,,,,,,,0.3405
,旅店服务员,,,,,,,0.3
,中式烹调师,,,,,,,0.4275
,中式面点师,,,,,,,0.4635
,西式烹调师,,,,,,,0.351
,西式面点师,,,,,,,0.541
,餐厅服务员,,,,,,,0.5735
,营养配餐员,,,,,,,0.474
,茶艺师,,,,,,,0.411
,咖啡师,,,,,,,0.451
,调酒师,,,,,,,0.4035
,调饮师,,,,,,,0.3925
,食品安全管理师,,,,,,,0.433
,侍酒师,,,,,,,0.329
,宴会定制服务师,,,,,,,0.407
,信息通信营业员,,,,,,,0.593
,信息通信业务员,,,,,,,0.3735
,信息通信网络机务员S,,,,,,,0.4885
,信息通信网络线务员,,,,,,,0.396
,信息通信网络动力机务员S,,,,,,,0.4725
,信息通信网络测量员,,,,,,,0.3405
,无线电监测与设备运维员S,,,,,,,0.343
,广播电视天线工,,,,,,,0.4955
,广播电视机线员,,,,,,,0.509
,信息通信网络运行管理员S,,,,,,,0.529
,网络与信息安全管理员S,,,,,,,0.2875
,信息通信信息化系统管理员S,,,,,,,0.584
,信息安全测试员S,,,,,,,0.54
,数字化解决方案设计师S,,,,,,,0.4715
,网络安全等级保护测评师,,,,,,,0.4465
,密码技术应用员S,,,,,,,0.3595
,计算机程序设计员S,,,,,,,0.42
,计算机软件测试员S,,,,,,,0.5305
,呼叫中心服务员,,,,,,,0.5625
,数据库运行管理员S,,,,,,,0.328
,人工智能训练师S,,,,,,,0.6505
,区块链应用操作员S,,,,,,,0.318
,服务机器人应用技术员S,,,,,,,0.53
,电子数据取证分析师S,,,,,,,0.343
,信息系统适配验证师S,,,,,,,0.42
,数字孪生应用技术员S,,,,,,,0.466
,虚拟现实产品设计师S,,,,,,,0.42
,银行综合柜员,,,,,,,0.492
,银行信贷员,,,,,,,0.521
,银行客户业务员,,,,,,,0.5025
,银行信用卡业务员,,,,,,,0.4985
,证券期货服务师,,,,,,,0.503
,保险代理人,,,,,,,0.5155
,保险保全员,,,,,,,0.6265
,保险公估人,,,,,,,0.329
,保险经纪人,,,,,,,0.548
,典当业务员,,,,,,,0.496
,鉴定估价师,,,,,,,0.4385
,信托业务员,,,,,,,0.494
,资产管理师,,,,,,,0.4385
,物业管理师,,,,,,,0.403
,中央空调系统运行操作员,,,,,,,0.5005
,停车管理员,,,,,,,0.576
,智能楼宇管理员S,,,,,,,0.4555
,房地产经纪人,,,,,,,0.4865
,房地产策划师,,,,,,,0.523
,验房师,,,,,,,0.5435
,租赁业务员,,,,,,,0.384
,拍卖服务师,,,,,,,0.4575
,风险管理师,,,,,,,0.6765
,科技咨询师,,,,,,,0.511
,客户服务管理员,,,,,,,0.6235
,信用管理师,,,,,,,0.5995
,商务数据分析师S,,,,,,,0.6855
,职业指导师,,,,,,,0.4005
,劳动关系协调师,,,,,,,0.521
,创业指导师,,,,,,,0.4425
,企业人力资源管理师,,,,,,,0.4195
,职业培训师,,,,,,,0.4505
,劳务外包管理员,,,,,,,0.449
,招聘师,,,,,,,0.5915
,导游,,,,,,,0.404
,旅游团队领队,,,,,,,0.399
,旅行社计调,,,,,,,0.4585
,旅游咨询员,,,,,,,0.6125
,公共游览场所服务员,,,,,,,0.528
,休闲农业服务员,,,,,,,0.53
,景区运营管理师,,,,,,,0.383
,保安员,,,,,,,0.4735
,安检员,,,,,,,0.369
,消防设施操作员,,,,,,,0.326
,安全防范系统安装维护员,,,,,,,0.421
,商品监督员,,,,,,,0.365
,商品防损员,,,,,,,0.548
,市场管理员,,,,,,,0.489
,会展服务师,,,,,,,0.464
,装饰美工,,,,,,,0.2945
,模特,,,,,,,0.3395
,航空气象员S,,,,,,,0.5415
,人工影响天气特种作业操作员,,,,,,,0.415
,海洋水文气象观测员L,,,,,,,0.407
,海洋浮标工,,,,,,,0.4625
,海洋水文调查员L,,,,,,,0.4735
,海洋生物调查员L,,,,,,,0.411
,大地测量员L/S,,,,,,,0.322
,摄影测量员L/S,,,,,,,0.494
,地图绘制员,,,,,,,0.4325
,工程测量员S,,,,,,,0.413
,不动产测绘员,,,,,,,0.4815
,海洋测绘员L/S,,,,,,,0.381
,无人机测绘操控员L,,,,,,,0.3325
,地理信息采集员L,,,,,,,0.445
,地理信息处理员L,,,,,,,0.6125
,地理信息应用作业员L,,,,,,,0.5295
,农产品食品检验员L,,,,,,,0.4195
,纤维检验员,,,,,,,0.5965
,贵金属首饰与宝玉石检测员,,,,,,,0.313
,药物检验员,,,,,,,0.302
,机动车检测工,,,,,,,0.5045
,计量员,,,,,,,0.415
,电子电气产品检验员L,,,,,,,0.448
,公路水运工程试验检测员,,,,,,,0.4825
,建设工程质量检测员,,,,,,,0.435
,环境监测员L,,,,,,,0.4835
,地勘钻探工,,,,,,,0.3555
,地勘掘进工,,,,,,,0.3875
,物探工,,,,,,,0.468
,地质调查员L,,,,,,,0.4045
,地质实验员,,,,,,,0.3785
,花艺环境设计师,,,,,,,0.3165
,纺织面料设计师,,,,,,,0.5325
,家用纺织品设计师,,,,,,,0.4475
,色彩搭配师,,,,,,,0.442
,工艺美术品设计师,,,,,,,0.3715
,装潢美术设计师,,,,,,,0.3995
,室内装饰设计师,,,,,,,0.3855
,广告设计师,,,,,,,0.4415
,包装设计师,,,,,,,0.509
,玩具设计师,,,,,,,0.479
,首饰设计师,,,,,,,0.4135
,家具设计师,,,,,,,0.328
,陶瓷产品设计师,,,,,,,0.41
,彩灯艺术设计师,,,,,,,0.473
,地毯设计师,,,,,,,0.4275
,皮具设计师,,,,,,,0.5255
,鞋类设计师,,,,,,,0.3705
,灯具设计师,,,,,,,0.6105
,照明设计师,,,,,,,0.486
,形象设计师,,,,,,,0.4305
,会展设计师,,,,,,,0.3825
,建筑幕墙设计师,,,,,,,0.395
,建筑信息模型技术员L/S,,,,,,,0.538
,乐器设计师,,,,,,,0.5645
,斫琴师,,,,,,,0.282
,工业设计工艺师S,,,,,,,0.3905
,钟表设计师,,,,,,,0.3575
,漆艺师,,,,,,,0.317
,桌面游戏设计师S,,,,,,,0.4085
,商业摄影师,,,,,,,0.3765
,冲印师,,,,,,,0.4065
,陶瓷工艺师,,,,,,,0.3695
,化工生产现场技术员,,,,,,,0.3155
,河道修防工,,,,,,,0.4475
,水工混凝土维修工,,,,,,,0.443
,水工土石维修工,,,,,,,0.4125
,水工监测工,,,,,,,0.481
,水工闸门运行工,,,,,,,0.4795
,水文勘测工,,,,,,,0.485
,水文勘测船工,,,,,,,0.398
,水土保持员L,,,,,,,0.3395
,灌区管理工,,,,,,,0.6165
,自然保护区巡护监测员L,,,,,,,0.354
,草地监护员L,,,,,,,0.4355
,野生动物保护员L,,,,,,,0.455
,野生植物保护员L,,,,,,,0.3985
,标本员,,,,,,,0.262
,展出动物保育员,,,,,,,0.363
,污水处理工L,,,,,,,0.417
,工业固体废物处理处置工L,,,,,,,0.4535
,危险废物处理工L,,,,,,,0.436
,碳排放管理员L,,,,,,,0.4645
,碳汇计量评估师L/S,,,,,,,0.408
,建筑节能减排咨询师,,,,,,,0.487
,保洁员L,,,,,,,0.4325
,生活垃圾清运工L,,,,,,,0.528
,生活垃圾处理工L,,,,,,,0.554
,有害生物防制员L,,,,,,,0.471
,园林绿化工L,,,,,,,0.4785
,草坪园艺师,,,,,,,0.4025
,盆景师,,,,,,,0.385
,假山工,,,,,,,0.3845
,插花花艺师,,,,,,,0.4375
,婴幼儿发展引导员,,,,,,,0.4765
,保育师,,,,,,,0.2475
,孤残儿童护理员,,,,,,,0.354
,养老护理员,,,,,,,0.3385
,家政服务员,,,,,,,0.391
,裁缝,,,,,,,0.419
,洗衣师,,,,,,,0.469
,染色师,,,,,,,0.5075
,皮革护理师,,,,,,,0.5025
,织补师,,,,,,,0.354
,美容师,,,,,,,0.4325
,美发师,,,,,,,0.3695
,美甲师,,,,,,,0.399
,浴池服务员,,,,,,,0.358
,修脚师,,,,,,,0.5245
,保健调理师,,,,,,,0.51
,保健按摩师,,,,,,,0.4665
,芳香保健师,,,,,,,0.373
,婚介师,,,,,,,0.379
,婚礼策划师,,,,,,,0.3825
,婚姻家庭咨询师,,,,,,,0.317
,殡仪服务员,,,,,,,0.423
,遗体防腐整容师,,,,,,,0.2645
,遗体火化师,,,,,,,0.425
,公墓管理员,,,,,,,0.3495
,宠物健康护理员,,,,,,,0.384
,宠物驯导师,,,,,,,0.4085
,宠物美容师,,,,,,,0.3955
,网约配送员,,,,,,,0.4685
,汽车代驾员,,,,,,,0.467
,供电服务员,,,,,,,0.5915
,电力交易员,,,,,,,0.647
,综合能源服务员L,,,,,,,0.457
,燃气供应服务员,,,,,,,0.471
,水供应服务员,,,,,,,0.5215
,村镇供水员,,,,,,,0.3415
,汽车维修工,,,,,,,0.5445
,摩托车修理工,,,,,,,0.509
,电池及电池系统维修保养师L,,,,,,,0.4245
,计算机维修工,,,,,,,0.5215
,办公设备维修工,,,,,,,0.4315
,信息通信网络终端维修员S,,,,,,,0.4845
,家用电器产品维修工,,,,,,,0.5705
,家用电子产品维修工,,,,,,,0.444
,自行车与电动自行车维修工,,,,,,,0.413
,修鞋工,,,,,,,0.398
,钟表维修工,,,,,,,0.3035
,锁具修理工,,,,,,,0.4845
,燃气具安装维修工,,,,,,,0.373
,照相器材维修工,,,,,,,0.3815
,乐器维修工,,,,,,,0.4405
,钢琴调律师,,,,,,,0.5975
,印章制作工,,,,,,,0.5115
,群众文化指导员,,,,,,,0.4865
,礼仪主持人,,,,,,,0.285
,讲解员,,,,,,,0.2935
,文化经纪人,,,,,,,0.4975
,全媒体运营师S,,,,,,,0.558
,版权服务师,,,,,,,0.4305
,档案数字化管理师S,,,,,,,0.365
,图书馆服务员,,,,,,,0.4805
,影视置景制作员,,,,,,,0.247
,动画制作员,,,,,,,0.493
,影视烟火特效员,,,,,,,0.333
,电影洗印员,,,,,,,0.3395
,电影放映员,,,,,,,0.275
,音响调音员,,,,,,,0.4785
,照明工,,,,,,,0.363
,影视服装员,,,,,,,0.3985
,电视摄像员,,,,,,,0.418
,考古探掘工,,,,,,,0.223
,文物修复师,,,,,,,0.3065
,在线学习服务师,,,,,,,0.6075
,国防教育辅导员,,,,,,,0.5395
,家庭教育指导师,,,,,,,0.362
,研学旅行指导师,,,,,,,0.465
,医疗临床辅助服务员,,,,,,,0.453
,医疗护理员,,,,,,,0.2935
,健康照护师,,,,,,,0.3755
,呼吸治疗师,,,,,,,0.359
,营养师,,,,,,,0.414
,健康管理师,,,,,,,0.3235
,生殖健康咨询师,,,,,,,0.505
,出生缺陷防控咨询师,,,,,,,0.3695
,老年人能力评估师,,,,,,,0.3945
,助听器验配师,,,,,,,0.4655
,口腔修复体制作师,,,,,,,0.2885
,眼镜验光师,,,,,,,0.464
,眼镜定配工,,,,,,,0.5145
,听觉口语师,,,,,,,0.376
,康复辅助技术咨询师,,,,,,,0.3825
,康复治疗师,,,,,,,0.45
,防疫员,,,,,,,0.4985
,消毒员,,,,,,,0.263
,公共场所卫生管理员,,,,,,,0.399
,社群健康助理员,,,,,,,0.322
,社会体育指导员,,,,,,,0.3565
,体育场馆管理员,,,,,,,0.422
,游泳救生员,,,,,,,0.4015
,康乐服务员,,,,,,,0.463
,体育经纪人,,,,,,,0.51
,电子竞技运营师,,,,,,,0.4605
,电子竞技员S,,,,,,,0.4385
,森林园林康养师,,,,,,,0.42
,民宿管家,,,,,,,0.4185
,种子繁育员,,,,,,,0.452
,种苗繁育员,,,,,,,0.4565
,农艺工,,,,,,,0.42
,园艺工,,,,,,,0.307
,食用菌生产工,,,,,,,0.2755
,热带作物栽培工,,,,,,,0.391
,中药材种植员,,,,,,,0.365
,林草种苗工L,,,,,,,0.436
,造林更新工L,,,,,,,0.359
,护林员L,,,,,,,0.3535
,森林抚育工L,,,,,,,0.3455
,林木采伐工,,,,,,,0.301
,集材作业工,,,,,,,0.3475
,木材水运工,,,,,,,0.409
,家畜繁殖员,,,,,,,0.436
,家禽繁殖员,,,,,,,0.4305
,家畜饲养员,,,,,,,0.36
,家禽饲养员,,,,,,,0.4475
,经济昆虫养殖员,,,,,,,0.405
,实验动物养殖员,,,,,,,0.4175
,特种动物养殖员,,,,,,,0.4425
,水生动物苗种繁育工,,,,,,,0.384
,水生植物苗种培育工,,,,,,,0.44
,水生动物饲养工,,,,,,,0.4815
,水生植物栽培工,,,,,,,0.5025
,水产养殖潜水工,,,,,,,0.335
,水产捕捞工,,,,,,,0.4335
,渔业船员,,,,,,,0.3745
,渔网具工,,,,,,,0.409
,农业技术员,,,,,,,0.4075
,农业经理人L,,,,,,,0.4945
,农业数字化技术员L/S,,,,,,,0.4405
,农作物植保员L,,,,,,,0.3445
,林业有害生物防治员L,,,,,,,0.399
,动物疫病防治员,,,,,,,0.4135
,动物检疫检验员,,,,,,,0.4345
,水生物病害防治员,,,,,,,0.2735
,水生物检疫检验员,,,,,,,0.349
,沼气工L,,,,,,,0.4615
,农村节能员L,,,,,,,0.406
,太阳能利用工L,,,,,,,0.4415
,微水电利用工L,,,,,,,0.402
,小风电利用工L,,,,,,,0.458
,农村环境保护工L,,,,,,,0.3285
,农机驾驶操作员,,,,,,,0.3755
,农机修理工,,,,,,,0.4175
,农机服务经纪人,,,,,,,0.384
,园艺产品加工工,,,,,,,0.4235
,棉花加工工,,,,,,,0.4845
,热带作物初制工,,,,,,,0.44
,植物原料制取工,,,,,,,0.3735
,竹藤师,,,,,,,0.3855
,经济昆虫产品加工工,,,,,,,0.566
,水产品原料处理工,,,,,,,0.431
,制米工,,,,,,,0.344
,制粉工,,,,,,,0.436
,制油工,,,,,,,0.459
,饲料加工工,,,,,,,0.4555
,食糖制造工,,,,,,,0.5425
,畜禽屠宰加工工,,,,,,,0.415
,畜禽副产品加工工,,,,,,,0.4305
,肉制品加工工,,,,,,,0.426
,蛋类制品加工工,,,,,,,0.5485
,水产品加工工,,,,,,,0.589
,水产制品精制工,,,,,,,0.318
,果蔬坚果加工工,,,,,,,0.616
,淀粉及淀粉糖制造工,,,,,,,0.381
,植物蛋白制作工,,,,,,,0.4685
,豆制品制作工,,,,,,,0.4225
,糕点面包烘焙工,,,,,,,0.4035
,糕点装饰师,,,,,,,0.3525
,糖果巧克力制造工,,,,,,,0.461
,果脯蜜饯加工工,,,,,,,0.5035
,米面主食制作工,,,,,,,0.5635
,冷冻食品制作工,,,,,,,0.374
,罐头食品加工工,,,,,,,0.5285
,乳品加工工,,,,,,,0.415
,乳品评鉴师,,,,,,,0.3795
,味精制造工,,,,,,,0.298
,酱油酱类制作工,,,,,,,0.473
,食醋制作工,,,,,,,0.415
,精制制盐工,,,,,,,0.3675
,酶制剂制造工,,,,,,,0.328
,柠檬酸制造工,,,,,,,0.5835
,调味品品评师,,,,,,,0.4085
,酿酒师,,,,,,,0.3905
,酒精酿造工,,,,,,,0.429
,白酒酿造工,,,,,,,0.4515
,啤酒酿造工,,,,,,,0.4045
,黄酒酿造工,,,,,,,0.4505
,果露酒酿造工,,,,,,,0.418
,品酒师,,,,,,,0.3545
,麦芽制麦工,,,,,,,0.356
,饮料制作工,,,,,,,0.3655
,茶叶加工工,,,,,,,0.4215
,评茶师,,,,,,,0.36
,酒体设计师,,,,,,,0.456
,烟叶调制员,,,,,,,0.494
,烟叶评级员,,,,,,,0.4445
,烟用二醋片制造工,,,,,,,0.5505
,烟用丝束制造工,,,,,,,0.487
,烟机设备操作工,,,,,,,0.45
,烟草评吸师,,,,,,,0.4455
,开清棉工,,,,,,,0.36
,丝麻毛纤维预处理工,,,,,,,0.4475
,纺织纤维梳理工,,,,,,,0.42
,并条工,,,,,,,0.38
,粗纱工,,,,,,,0.409
,纺纱工,,,,,,,0.4725
,缫丝工,,,,,,,0.5255
,整经工,,,,,,,0.4755
,浆纱浆染工,,,,,,,0.479
,织布工,,,,,,,0.414
,意匠纹版工,,,,,,,0.4235
,纬编工,,,,,,,0.375
,经编工,,,,,,,0.37
,横机工,,,,,,,0.455
,非织造布制造工,,,,,,,0.418
,印染前处理工,,,,,,,0.453
,纺织染色工,,,,,,,0.41
,印花工,,,,,,,0.425
,纺织印花制版工,,,,,,,0.393
,印染后整理工,,,,,,,0.5025
,印染染化料配制工,,,,,,,0.354
,工艺染织品制作工,,,,,,,0.3725
,服装制版师,,,,,,,0.4415
,裁剪工,,,,,,,0.4775
,缝纫工,,,,,,,0.461
,缝纫品整型工,,,,,,,0.5085
,服装水洗工,,,,,,,0.48
,绒线编织拼布工,,,,,,,0.5075
,皮革及皮革制品加工工,,,,,,,0.4415
,毛皮及毛皮制品加工工,,,,,,,0.4535
,羽绒加工及制品充填工,,,,,,,0.4425
,制鞋工,,,,,,,0.455
,制帽工,,,,,,,0.31
,制材工,,,,,,,0.403
,木竹藤材处理工,,,,,,,0.477
,胶合板工,,,,,,,0.45
,纤维板工,,,,,,,0.431
,刨花板工,,,,,,,0.4075
,浸渍纸层压板工,,,,,,,0.3105
,人造板饰面工,,,,,,,0.3565
,手工木工,,,,,,,0.308
,机械木工,,,,,,,0.4405
,木地板制造工,,,,,,,0.485
,家具制作工,,,,,,,0.338
,制浆工,,,,,,,0.4445
,制浆废液回收利用工L,,,,,,,0.336
,造纸工,,,,,,,0.4175
,纸张整饰工,,,,,,,0.3825
,宣纸书画纸制作工,,,,,,,0.3285
,纸箱纸盒制作工,,,,,,,0.373
,印前处理和制作员,,,,,,,0.419
,印刷操作员,,,,,,,0.43
,印后制作员,,,,,,,0.44
,音像制品和电子出版物复制员,,,,,,,0.467
,自来水笔制造工,,,,,,,0.395
,圆珠笔制造工,,,,,,,0.5925
,铅笔制造工,,,,,,,0.495
,毛笔制作工,,,,,,,0.286
,记号笔制造工,,,,,,,0.466
,墨制作工,,,,,,,0.3325
,墨水墨汁制造工,,,,,,,0.382
,绘图仪器制作工,,,,,,,0.444
,印泥制作工,,,,,,,0.355
,钢琴及键盘乐器制作工,,,,,,,0.3595
,提琴吉他制作工,,,,,,,0.332
,管乐器制作工,,,,,,,0.511
,民族拉弦弹拨乐器制作工,,,,,,,0.217
,吹奏乐器制作工,,,,,,,0.3965
,打击乐器制作工,,,,,,,0.5
,电鸣乐器制作工,,,,,,,0.34
,工艺品雕刻工,,,,,,,0.4785
,雕塑翻制工,,,,,,,0.4425
,陶瓷工艺品制作师,,,,,,,0.354
,景泰蓝制作工,,,,,,,0.293
,金属摆件制作工,,,,,,,0.45
,漆器制作工,,,,,,,0.272
,壁画制作工,,,,,,,0.408
,版画制作工,,,,,,,0.418
,人造花制作工,,,,,,,0.35
,工艺画制作工,,,,,,,0.394
,抽纱刺绣工,,,,,,,0.628
,手工地毯制作工,,,,,,,0.3255
,机制地毯制作工,,,,,,,0.5025
,宝石琢磨工,,,,,,,0.4585
,贵金属首饰制作工,,,,,,,0.442
,装裱师,,,,,,,0.453
,民间工艺品制作工,,,,,,,0.435
,剧装工,,,,,,,0.3675
,民间工艺品艺人,,,,,,,0.4155
,制球工,,,,,,,0.415
,球拍球网制作工,,,,,,,0.3225
,健身器材制作工,,,,,,,0.459
,玩具制作工,,,,,,,0.4225
,化工原料准备工,,,,,,,0.383
,化工单元操作工,,,,,,,0.3105
,化工总控工S,,,,,,,0.3145
,制冷工,,,,,,,0.47
,工业清洗工,,,,,,,0.4525
,腐蚀控制工,,,,,,,0.372
,硫酸生产工,,,,,,,0.6075
,硝酸生产工,,,,,,,0.357
,盐酸生产工,,,,,,,0.395
,磷酸生产工,,,,,,,0.434
,纯碱生产工,,,,,,,0.4255
,烧碱生产工,,,,,,,0.256
,无机盐生产工,,,,,,,0.4225
,提硝工,,,,,,,0.238
,卤水综合利用工,,,,,,,0.42
,无机化学反应生产工,,,,,,,0.4835
,脂肪烃生产工,,,,,,,0.3055
,芳香烃生产工,,,,,,,0.423
,脂肪烃衍生物生产工,,,,,,,0.601
,芳香烃衍生物生产工,,,,,,,0.507
,有机合成工,,,,,,,0.3335
,合成氨生产工,,,,,,,0.528
,尿素生产工,,,,,,,0.338
,硝酸铵生产工,,,,,,,0.41
,硫酸铵生产工,,,,,,,0.2855
,过磷酸钙生产工,,,,,,,0.2635
,复混肥生产工,,,,,,,0.47
,钙镁磷肥生产工,,,,,,,0.46
,钾肥生产工,,,,,,,0.471
,农药生产工,,,,,,,0.2681
,涂料生产工,,,,,,,0.4755
,油墨制造工,,,,,,,0.493
,颜料生产工,,,,,,,0.4075
,染料生产工,,,,,,,0.412
,合成树脂生产工,,,,,,,0.3475
,合成橡胶生产工,,,,,,,0.345
,催化剂生产工,,,,,,,0.461
,总溶剂生产工,,,,,,,0.4405
,化学试剂生产工,,,,,,,0.434
,印染助剂生产工,,,,,,,0.417
,表面活性剂制造工,,,,,,,0.293
,化工添加剂生产工,,,,,,,0.4315
,油脂化工产品制造工,,,,,,,0.293
,动物胶制造工,,,,,,,0.427
,人造板制胶工,,,,,,,0.4245
,有机硅生产工,,,,,,,0.384
,有机氟生产工,,,,,,,0.35
,松香工,,,,,,,0.3805
,松节油制品工,,,,,,,0.396
,活性炭生产工,,,,,,,0.352
,栲胶生产工,,,,,,,0.4255
,紫胶生产工,,,,,,,0.3925
,栓皮制品工,,,,,,,0.4485
,植物原料水解工,,,,,,,0.4385
,感光材料生产工,,,,,,,0.427
,胶印版材生产工,,,,,,,0.4175
,柔性版材生产工,,,,,,,0.485
,磁记录材料生产工,,,,,,,0.4435
,热转移防护膜涂布工,,,,,,,0.52
,平板显示膜生产工,,,,,,,0.365
,甘油制造工,,,,,,,0.3575
,生物质化工产品生产工,,,,,,,0.514
,雷管制造工,,,,,,,0.3005
,索状爆破器材制造工,,,,,,,0.4175
,火工品装配工,,,,,,,0.4045
,火工品管理工,,,,,,,0.323
,烟花爆竹工,,,,,,,0.3175
,合成洗涤剂制造工,,,,,,,0.425
,肥皂制造工,,,,,,,0.474
,化妆品配方师,,,,,,,0.417
,化妆品制造工,,,,,,,0.346
,口腔清洁剂制造工,,,,,,,0.4315
,香料制造工,,,,,,,0.3975
,调香师,,,,,,,0.444
,香精配制工,,,,,,,0.402
,火柴制造工,,,,,,,0.34
,日用化学用品配方师,,,,,,,0.4155
,化学合成制药工,,,,,,,0.4605
,中药炮制工,,,,,,,0.4125
,药物制剂工,,,,,,,0.3285
,兽药制造工,,,,,,,0.292
,生化药品制造工,,,,,,,0.395
,发酵工程制药工,,,,,,,0.432
,疫苗制品工,,,,,,,0.324
,血液制品工,,,,,,,0.438
,基因工程药品生产工,,,,,,,0.4505
,化纤聚合工,,,,,,,0.3335
,纺丝原液制造工,,,,,,,0.3885
,纺丝工,,,,,,,0.43
,化纤后处理工,,,,,,,0.3825
,橡胶制品生产工,,,,,,,0.426
,轮胎翻修工L,,,,,,,0.44
,塑料制品成型制作工,,,,,,,0.409
,水泥生产工,,,,,,,0.42
,水泥混凝土制品工,,,,,,,0.406
,石灰煅烧工,,,,,,,0.663
,石膏粉生产工,,,,,,,0.424
,石膏制品生产工,,,,,,,0.459
,预拌混凝土生产工,,,,,,,0.3315
,砖瓦生产工,,,,,,,0.466
,加气混凝土制品工,,,,,,,0.3725
,石材生产工,,,,,,,0.3575
,人造石生产加工工,,,,,,,0.519
,防水卷材制造工,,,,,,,0.541
,保温材料制造工,,,,,,,0.475
,吸音材料制造工,,,,,,,0.523
,砂石骨料生产工,,,,,,,0.3875
,玻璃配料熔化工,,,,,,,0.3545
,玻璃及玻璃制品成型工,,,,,,,0.421
,玻璃加工工,,,,,,,0.4075
,玻璃制品加工工,,,,,,,0.4465
,电子玻璃制品加工工,,,,,,,0.448
,石英玻璃制品加工工,,,,,,,0.516
,玻璃纤维及制品工,,,,,,,0.4665
,玻璃钢制品工,,,,,,,0.381
,陶瓷原料准备工,,,,,,,0.4345
,陶瓷成型施釉工,,,,,,,0.421
,陶瓷烧成工,,,,,,,0.4835
,陶瓷装饰工,,,,,,,0.33
,古建琉璃工,,,,,,,0.3
,耐火原料加工成型工,,,,,,,0.3465
,耐火材料烧成工,,,,,,,0.5145
,耐火制品加工工,,,,,,,0.516
,耐火纤维制品工,,,,,,,0.396
,炭素煅烧工,,,,,,,0.3985
,炭素成型工,,,,,,,0.409
,炭素焙烧工,,,,,,,0.396
,炭素浸渍工,,,,,,,0.376
,石墨化工,,,,,,,0.5375
,炭素制品工,,,,,,,0.5305
,炭素特种材料工,,,,,,,0.383
,人工合成晶体工,,,,,,,0.4
,高岭土加工工,,,,,,,0.4285
,珍珠岩加工工,,,,,,,0.4445
,石棉制品工,,,,,,,0.325
,云母制品工,,,,,,,0.4875
,露天采矿工,,,,,,,0.485
,露天矿物开采辅助工,,,,,,,0.3115
,运矿排土工,,,,,,,0.3625
,矿井开掘工,,,,,,,0.425
,井下采矿工,,,,,,,0.384
,井下支护工,,,,,,,0.405
,井下机车运输工,,,,,,,0.3565
,矿山提升设备操作工,,,,,,,0.381
,矿井通风工,,,,,,,0.37
,矿山安全防护工,,,,,,,0.3885
,矿山安全设备监测检修工,,,,,,,0.4345
,矿山救护工,,,,,,,0.3365
,矿山生产集控员,,,,,,,0.5295
,矿石处理工,,,,,,,0.39
,选矿工,,,,,,,0.375
,选矿脱水工,,,,,,,0.402
,尾矿工,,,,,,,0.385
,石油勘探工,,,,,,,0.3045
,钻井工,,,,,,,0.385
,钻井协作工,,,,,,,0.276
,井下作业设备操作维修工,,,,,,,0.3425
,水下钻井设备操作工,,,,,,,0.44
,油气水井测试工,,,,,,,0.456
,石油开采工,,,,,,,0.4875
,天然气开采工,,,,,,,0.4065
,煤层气排采集输工,,,,,,,0.47
,天然气处理工,,,,,,,0.331
,油气输送工,,,,,,,0.424
,油气管道维护工,,,,,,,0.447
,海上平台水手,,,,,,,0.25
,海盐制盐工,,,,,,,0.3925
,湖盐制盐工,,,,,,,0.454
,井矿盐制盐工,,,,,,,0.3125
,烧结球团原料工,,,,,,,0.432
,粉矿烧结工,,,,,,,0.415
,球团焙烧工,,,,,,,0.2785
,烧结成品工,,,,,,,0.3925
,高炉原料工,,,,,,,0.3735
,高炉炼铁工,,,,,,,0.387
,高炉运转工,,,,,,,0.2035
,炼钢原料工,,,,,,,0.4225
,炼钢工,,,,,,,0.443
,炼钢浇铸工,,,,,,,0.36
,炼钢准备工,,,,,,,0.3045
,整模脱模工,,,,,,,0.3705
,铸管备品工,,,,,,,0.4175
,铸管工,,,,,,,0.4
,铸管精整工,,,,,,,0.3925
,铁合金原料工,,,,,,,0.444
,铁合金火法冶炼工,,,,,,,0.3365
,铁合金焙烧工,,,,,,,0.355
,铁合金湿法冶炼工,,,,,,,0.3715
,钒氮合金工,,,,,,,0.355
,重冶备料工,,,,,,,0.3765
,重金属物料焙烧工,,,,,,,0.292
,重冶火法冶炼工,,,,,,,0.534
,重冶湿法冶炼工,,,,,,,0.421
,电解精炼工,,,,,,,0.525
,氧化铝制取工,,,,,,,0.475
,铝电解工,,,,,,,0.431
,镁冶炼工,,,,,,,0.386
,硅冶炼工,,,,,,,0.4355
,钨钼冶炼工,,,,,,,0.467
,钽铌冶炼工,,,,,,,0.322
,钛冶炼工,,,,,,,0.4195
,稀土冶炼工,,,,,,,0.498
,稀土材料生产工,,,,,,,0.448
,贵金属冶炼工,,,,,,,0.4295
,锂冶炼工,,,,,,,0.369
,半导体辅料制备工,,,,,,,0.44
,多晶硅制取工,,,,,,,0.393
,轧制原料工,,,,,,,0.4705
,金属轧制工,,,,,,,0.451
,金属材酸碱洗工,,,,,,,0.437
,金属材涂层机组操作工,,,,,,,0.379
,金属材热处理工,,,,,,,0.4275
,焊管机组操作工,,,,,,,0.41
,金属材精整工,,,,,,,0.4465
,金属材丝拉拔工,,,,,,,0.4935
,金属挤压工,,,,,,,0.4475
,铸轧工,,,,,,,0.48
,钢丝绳制造工,,,,,,,0.355
,硬质合金混合料工,,,,,,,0.2995
,硬质合金成型工,,,,,,,0.4455
,硬质合金烧结工,,,,,,,0.4035
,硬质合金精加工工,,,,,,,0.3455
,车工,,,,,,,0.4825
,铣工,,,,,,,0.403
,刨插工,,,,,,,0.4625
,磨工,,,,,,,0.356
,镗工,,,,,,,0.5035
,钻床工,,,,,,,0.465
,多工序数控机床操作调整工,,,,,,,0.405
,电切削工,,,,,,,0.426
,拉床工,,,,,,,0.3825
,下料工,,,,,,,0.4275
,铆工,,,,,,,0.315
,冲压工,,,,,,,0.386
,增材制造设备操作员L/S,,,,,,,0.551
,铸造工,,,,,,,0.3795
,锻造工,,,,,,,0.4575
,金属热处理工,,,,,,,0.344
,焊工,,,,,,,0.4645
,机械加工材料切割工,,,,,,,0.4795
,粉末冶金制品制造工,,,,,,,0.452
,镀层工,,,,,,,0.356
,镀膜工,,,,,,,0.3885
,涂装工,,,,,,,0.475
,喷涂喷焊工,,,,,,,0.3965
,模具工,,,,,,,0.39
,模型制作工,,,,,,,0.3695
,磨料制造工,,,,,,,0.4575
,磨具制造工,,,,,,,0.466
,量具和刃具制造工,,,,,,,0.4
,工具钳工,,,,,,,0.376
,工具五金制作工,,,,,,,0.416
,建筑五金制品制作工,,,,,,,0.395
,锁具制作工,,,,,,,0.482
,金属炊具及器皿制作工,,,,,,,0.4275
,日用五金制品制作工,,,,,,,0.5075
,搪瓷制品制造工,,,,,,,0.409
,眼镜架制作工,,,,,,,0.588
,金箔制作工,,,,,,,0.4185
,装配钳工,,,,,,,0.4225
,轴承制造工,,,,,,,0.3775
,齿轮制造工,,,,,,,0.376
,减变速机装配调试工,,,,,,,0.409
,链传动部件制造工,,,,,,,0.4085
,紧固件制造工,,,,,,,0.305
,弹簧工,,,,,,,0.4985
,锅炉设备制造工,,,,,,,0.313
,内燃机装配调试工,,,,,,,0.4825
,汽轮机装配调试工,,,,,,,0.3965
,风电机组制造工L,,,,,,,0.4275
,机床装调维修工,,,,,,,0.3875
,焊接设备装配调试工,,,,,,,0.4665
,焊接材料制造工,,,,,,,0.492
,电梯装配调试工,,,,,,,0.3925
,泵装配调试工,,,,,,,0.463
,真空设备装配调试工,,,,,,,0.488
,压缩机装配调试工,,,,,,,0.4325
,风机装配调试工,,,,,,,0.323
,过滤与分离机械装配调试工,,,,,,,0.485
,气体分离设备装配调试工,,,,,,,0.297
,制冷空调设备装配工,,,,,,,0.4725
,阀门装配调试工,,,,,,,0.5015
,液压液力气动密封件制造工,,,,,,,0.511
,工业炉及电炉装配工,,,,,,,0.3055
,膜法水处理材料和设备制造工,,,,,,,0.4735
,电渗析器制造工,,,,,,,0.319
,电动工具制造工,,,,,,,0.4275
,衡器装配调试工,,,,,,,0.4785
,电影电教设备制造工,,,,,,,0.375
,照相机及器材制造工,,,,,,,0.43
,复印设备制造工,,,,,,,0.4675
,办公小机械制造工,,,,,,,0.393
,光学镜头制造工,,,,,,,0.461
,静电成像设备耗材制造工,,,,,,,0.4225
,办公设备与耗材再制造工,,,,,,,0.393
,矿用电机车装配工,,,,,,,0.3985
,工程机械装配调试工,,,,,,,0.3835
,印刷设备装配调试工,,,,,,,0.42
,缝制机械装配调试工,,,,,,,0.4525
,电子专用设备装调工,,,,,,,0.295
,真空测试工,,,,,,,0.47
,拖拉机制造工,,,,,,,0.508
,耕种机械制造工,,,,,,,0.4275
,灌溉机械制造工,,,,,,,0.4045
,收获机械制造工,,,,,,,0.425
,医疗器械装配工,,,,,,,0.4525
,矫形器装配工,,,,,,,0.473
,假肢装配工,,,,,,,0.364
,医用材料产品生产工,,,,,,,0.35
,汽车生产线操作工,,,,,,,0.2705
,汽车饰件制造工,,,,,,,0.4295
,汽车零部件再制造工L,,,,,,,0.388
,汽车装调工,,,,,,,0.423
,汽车回收拆解工L,,,,,,,0.4185
,铁路机车制修工,,,,,,,0.3435
,铁路车辆制修工,,,,,,,0.4505
,动车组制修师,,,,,,,0.3505
,铁路机车车辆制动钳工,,,,,,,0.394
,道岔钳工,,,,,,,0.296
,金属船体制造工,,,,,,,0.4245
,船舶机械装配工,,,,,,,0.2555
,船舶电气装配工,,,,,,,0.3015
,船舶附件制造工,,,,,,,0.4
,船舶木塑帆缆制造工,,,,,,,0.5275
,拆船工L,,,,,,,0.3405
,飞机装配工,,,,,,,0.41
,飞机系统安装调试工,,,,,,,0.3355
,航空发动机装配工,,,,,,,0.478
,航空螺旋桨装配工,,,,,,,0.492
,航空电气安装调试工,,,,,,,0.3025
,航空附件装配工,,,,,,,0.392
,航空仪表装配工,,,,,,,0.386
,航空装配平衡工,,,,,,,0.512
,飞机无线电设备安装调试工,,,,,,,0.417
,飞机雷达安装调试工,,,,,,,0.335
,飞机特种设备检测与修理工,,,,,,,0.4365
,飞机透明件制造胶接装配工,,,,,,,0.4735
,飞机外场调试与维护工,,,,,,,0.4095
,航空环控救生装备工,,,,,,,0.495
,无人机装调检修工,,,,,,,0.4005
,摩托车装调工,,,,,,,0.405
,自行车与电动自行车装配工,,,,,,,0.395
,电机制造工,,,,,,,0.488
,变压器互感器制造工,,,,,,,0.348
,高低压电器及成套设备装配工,,,,,,,0.378
,电力电容器及其装置制造工,,,,,,,0.411
,光伏组件制造工L,,,,,,,0.433
,电线电缆制造工,,,,,,,0.3675
,光纤光缆制造工,,,,,,,0.3175
,绝缘制品制造工,,,,,,,0.4545
,电工合金电触头制造工,,,,,,,0.4205
,电器附件制造工,,,,,,,0.36
,电池制造工,,,,,,,0.388
,家用电冰箱制造工,,,,,,,0.3915
,空调器制造工,,,,,,,0.4085
,洗衣机制造工,,,,,,,0.4
,小型家用电器制造工,,,,,,,0.34
,燃气具制造工,,,,,,,0.3805
,电光源制造工,,,,,,,0.356
,灯具制造工,,,,,,,0.4825
,轨道交通通信信号设备制造工,,,,,,,0.4925
,电容器制造工,,,,,,,0.4735
,电阻器制造工,,,,,,,0.416
,微波铁氧体元器件制造工,,,,,,,0.4335
,电子绝缘与介质材料制造工,,,,,,,0.497
,轨道交通通信工,,,,,,,0.3695
,管道工,,,,,,,0.3405
,石英晶体生长设备操作工,,,,,,,0.423
,压电石英晶片加工工,,,,,,,0.445
,石英晶体元器件制造工,,,,,,,0.4015
,电声器件制造工,,,,,,,0.4545
,水声换能器制造工,,,,,,,0.509
,继电器制造工,,,,,,,0.491
,高频电感器制造工,,,,,,,0.488
,电器接插件制造工,,,,,,,0.5025
,印制电路制作工,,,,,,,0.4235
,薄膜加热器件制造工,,,,,,,0.462
,温差电器件制造工,,,,,,,0.431
,真空电子器件零件制造及装调工,,,,,,,0.521
,电极丝制造工,,,,,,,0.339
,液晶显示器件制造工,,,,,,,0.2925
,晶片加工工,,,,,,,0.4185
,半导体芯片制造工,,,,,,,0.3375
,半导体分立器件和集成电路装调工,,,,,,,0.453
,磁头制造工,,,,,,,0.5515
,计算机及外部设备装配调试员,,,,,,,0.38
,通信系统设备制造工,,,,,,,0.3855
,通信终端设备制造工,,,,,,,0.4235
,雷达装调工,,,,,,,0.4065
,激光设备安装调试员,,,,,,,0.4505
,智能硬件装调员,,,,,,,0.4135
,电子设备机械装校工,,,,,,,0.4785
,电子设备装接工,,,,,,,0.455
,电子设备调试工,,,,,,,0.3155
,物联网安装调试员,,,,,,,0.5255
,仪器仪表制造工,,,,,,,0.4165
,钟表及计时仪器制造工,,,,,,,0.4225
,再生物资加工处理工L,,,,,,,0.444
,水供应输排工L,,,,,,,0.5035
,安全员,,,,,,,0.4895
,索道运输机械操作工,,,,,,,0.509
,锅炉运行值班员,,,,,,,0.466
,燃料值班员,,,,,,,0.485
,汽轮机运行值班员,,,,,,,0.5025
,燃气轮机值班员,,,,,,,0.296
,发电集控值班员,,,,,,,0.603
,电气值班员,,,,,,,0.4335
,火电厂氢冷值班员,,,,,,,0.4305
,余热余压利用系统操作工L,,,,,,,0.321
,水力发电运行值班员L,,,,,,,0.459
,光伏发电运维值班员L,,,,,,,0.4905
,锅炉操作工,,,,,,,0.38
,风力发电运维值班员L,,,,,,,0.399
,供热管网系统运行工,,,,,,,0.429
,变配电运行值班员,,,,,,,0.4415
,继电保护员,,,,,,,0.3355
,燃气储运工,,,,,,,0.493
,气体深冷分离工,,,,,,,0.5025
,工业气体生产工,,,,,,,0.5965
,工业气体液化工,,,,,,,0.3335
,工业废气治理工L,,,,,,,0.465
,压缩机操作工,,,,,,,0.371
,风机操作工,,,,,,,0.3975
,水生产处理工L,,,,,,,0.363
,工业废水处理工L,,,,,,,0.3635
,司泵工,,,,,,,0.4465
,管廊运维员L,,,,,,,0.51
,砌筑工,,,,,,,0.3125
,石工,,,,,,,0.325
,混凝土工,,,,,,,0.3195
,钢筋工,,,,,,,0.2575
,架子工,,,,,,,0.2925
,装配式建筑施工员,,,,,,,0.4125
,乡村建设工匠,,,,,,,0.2575
,铁路自轮运转设备工,,,,,,,0.415
,铁路线桥工,,,,,,,0.487
,筑路工,,,,,,,0.4375
,公路养护工,,,,,,,0.37
,桥隧工,,,,,,,0.3825
,凿岩工,,,,,,,0.358
,爆破工,,,,,,,0.288
,防水工,,,,,,,0.3575
,水运工程施工工,,,,,,,0.435
,水工建构筑物维护检修工,,,,,,,0.4165
,电力电缆安装运维工,,,,,,,0.333
,送配电线路工,,,,,,,0.34
,牵引电力线路安装维护工,,,,,,,0.325
,舟桥工,,,,,,,0.261
,铁路综合维修工,,,,,,,0.3855
,城市轨道交通检修工,,,,,,,0.429
,机械设备安装工,,,,,,,0.3645
,电气设备安装工,,,,,,,0.3525
,电梯安装维修工,,,,,,,0.418
,管工,,,,,,,0.2535
,制冷空调系统安装维修工,,,,,,,0.3955
,锅炉设备安装工,,,,,,,0.2991
,发电设备安装工,,,,,,,0.448
,电力电气设备安装工,,,,,,,0.355
,轨道交通信号工,,,,,,,0.385
,装饰装修工,,,,,,,0.318
,建筑门窗幕墙安装工,,,,,,,0.3375
,照明工程施工员,,,,,,,0.3405
,古建筑工,,,,,,,0.383
,专用车辆驾驶员,,,,,,,0.4425
,铁路车站行车作业员,,,,,,,0.2955
,机车调度值班员,,,,,,,0.409
,机车整备员,,,,,,,0.381
,救援机械操作员,,,,,,,0.323
,铁路试验检测设备维修工,,,,,,,0.293
,铁路电源工,,,,,,,0.3785
,航空通信导航监视员,,,,,,,0.379
,民航机场专用设备机务员,,,,,,,0.4445
,航空油料员,,,,,,,0.3195
,船舶甲板设备操作工,,,,,,,0.3735
,船舶机舱设备操作工,,,,,,,0.3965
,船闸及升船机运管员,,,,,,,0.439
,潜水员,,,,,,,0.2925
,起重装卸机械操作工,,,,,,,0.5185
,起重工,,,,,,,0.34
,输送机操作工,,,,,,,0.3665
,挖掘铲运和桩工机械司机,,,,,,,0.38
,设备点检员,,,,,,,0.484
,机修钳工,,,,,,,0.3495
,电工,,,,,,,0.4565
,仪器仪表维修工,,,,,,,0.5445
,锅炉设备检修工,,,,,,,0.338
,汽轮机和水轮机检修工,,,,,,,0.367
,电机检修工,,,,,,,0.3385
,变电设备检修工,,,,,,,0.435
,工程机械维修工,,,,,,,0.4165
,机电设备维修工,,,,,,,0.457
,船舶修理工,,,,,,,0.38
,航空器机械维护员,,,,,,,0.422
,航空器部件修理工,,,,,,,0.391
,航空发动机修理工,,,,,,,0.402
,航空器外场维护员,,,,,,,0.3715
,化学检验员,,,,,,,0.384
,物理性能检验员,,,,,,,0.406
,生化检验员,,,,,,,0.455
,无损检测员,,,,,,,0.462
,质检员,,,,,,,0.3865
,试验员,,,,,,,0.5325
,称重计量工,,,,,,,0.538
,包装工,,,,,,,0.4185
,工业机器人系统运维员S,,,,,,,0.4465
,工业视觉系统运维员S,,,,,,,0.4685
,工业机器人系统操作员S,,,,,,,0.622
,军官（警官）,,,,,,,0.3405
,军士（警士）,,,,,,,0.334
,义务兵,,,,,,,0.2975
,文职人员,,,,,,,0.402
